{"file_stats": {"total_files": 231, "total_size": 740487, "avg_size": 3205}, "text_stats": {"unique_tokens": 7113, "avg_tokens_per_file": 201, "sentiment": {"neg": 0.02078787878787877, "neu": 0.8977532467532474, "pos": 0.07709956709956703, "compound": 0.7056385281385282}}}